train_loss,train_acc,test_loss,test_acc
0.056204576028569396,0.8380872745824156,0.05459614802384749,0.8425488594250802
